titel;lage;miete;groesse;preis_qm;long;lati;pricecat
SCHÖNE EINLIEGERWOHNUNG in RUHIGER,STADTNAHER LAGE ( WI-SONNENBERG/EIGENHEIM);Sonnenberg, Wiesbaden;900;57;15,78947368;8,2580588;50,0974413;15 bis 20 Euro pro Quadratmeter
1-Zimmer-Wohnung Wiesbaden, sehr zentrale Lage;Schiersteiner Str., Südost, Wiesbaden;700;22;31,81818182;8,2258954;50,0695362;mehr als 20 Euro pro Quadratmeter
Schöne zwei Zimmer Penthouse- Wohnung in Wiesbaden, Dotzheim;Greifstraße 7 a, Dotzheim, Wiesbaden;650;63;10,31746032;8,18893;50,08834;10 bis 12 Euro pro Quadratmeter
Von privat. Helle Zweizimmer-Wohnung in Wiesbaden-Biebrich, Straße der Republik;Straße der Republik 2, Biebrich, Wiesbaden;450;58;7,75862069;8,2409919;50,0422644;6 bis 8 Euro pro Quadratmeter
Möblierte, schöne, geräumige zwei Zimmer Altbau-Wohnung in Wiesbaden, Südost;Raabestraße 1, Südost, Wiesbaden;920;70;13,14285714;8,2312223;50,0720403;12 bis 15 Euro pro Quadratmeter
Rheinufernähe, große 6 Zimmer Wohnung auf zwei Etagen;Kastel, Wiesbaden;1500;190;7,894736842;8,2806368;50,0192814;6 bis 8 Euro pro Quadratmeter
Total renovierte Singlewohnung;Biebrich, Wiesbaden;505;44;11,47727273;8,2390966;50,0517113;10 bis 12 Euro pro Quadratmeter
Exclusive neu renovierte 2,5 Zimmer Wohnung am Kurpark;Bierstadt, Wiesbaden;1100;75;14,66666667;8,2772655;50,0852386;12 bis 15 Euro pro Quadratmeter
Helle und ruhig gelegene 2-Zimmer-Wohnung mit Balkon seitlich Otto-Suhr-Ring;Steinernstraße, Kostheim, Wiesbaden;490;49;10;8,2962553;50,013388;10 bis 12 Euro pro Quadratmeter
Helles Einzimmerappartement in Wiesbaden, Mitte;Frankenstraße, Mitte, Wiesbaden;350;34;10,29411765;8,2316406;50,0812587;10 bis 12 Euro pro Quadratmeter
Loreleiring: Eine schicke 3 - ZKBB sucht  nette Mieter.;Rheingauviertel, Wiesbaden;600;80;7,5;8,2265882;50,0755267;6 bis 8 Euro pro Quadratmeter
720 €, 67 m², 3 Zimmer;Biebrich, Wiesbaden;720;67;10,74626866;8,2390966;50,0517113;10 bis 12 Euro pro Quadratmeter
**Wunderbare Wohnung mit Terrasse und EBK**;Kostheim, Wiesbaden;660;73;9,04109589;8,3003089;50,007646;8 bis 10 Euro pro Quadratmeter
Altbau-Dachgeschosswohnung mit Blick über Wiesbaden;Adelheidstraße, Mitte, Wiesbaden;650;62;10,48387097;8,2370269;50,075915;10 bis 12 Euro pro Quadratmeter
Helle und geräumige 1-Zimmer Wohnung in Wiesbaden, Kastel;Römerstr., Kastel, Wiesbaden;425;50;8,5;8,3017675;50,0175346;8 bis 10 Euro pro Quadratmeter
Traumhafte 2-Zimmer-Wohnungen in Toplage mit Panoramablick - Erstbezug!;Schönbergstr., Dotzheim, Wiesbaden;695;53;13,11320755;8,1973372;50,0817081;12 bis 15 Euro pro Quadratmeter
650 €, 56 m², 2 Room(s);Nußbaumstraße 1, Südost, Wiesbaden;650;56;11,60714286;8,2402785;50,064977;10 bis 12 Euro pro Quadratmeter
großzügig geschnittene 4 Zimmer Wohnung mit Gartennutzung;Mitte, Wiesbaden;1250;145;8,620689655;8,2418705;50,0823281;8 bis 10 Euro pro Quadratmeter
Mitten im Leben: Helle 4 Zimmer Wohnung  im einem gepflegten Altbau fußläufig zum Zentrum;Mitte, Wiesbaden;885;102;8,676470588;8,2418705;50,0823281;8 bis 10 Euro pro Quadratmeter
Nerotal - sanierte Wohnung mit Balkon und Garage;Nordost, Wiesbaden;920;83;11,08433735;8,2303053;50,0917199;10 bis 12 Euro pro Quadratmeter
Design for easy living;Mitte, Wiesbaden;1855;175;10,6;8,2418705;50,0823281;10 bis 12 Euro pro Quadratmeter
HÜBSCHE TERRASSENWOHNUNG IN RUHIGER LAGE - Nähe Finanzamt/LKA;Biebrich, Wiesbaden;570;55;10,36363636;8,2390966;50,0517113;10 bis 12 Euro pro Quadratmeter
Erstbezug nach Sanierung 2 Zimmerwohnung mit 30qm Dachterrasse, Garagenstellplatz;Riedstraße 5, Biebrich, Wiesbaden;645;62;10,40322581;8,2281407;50,0632175;10 bis 12 Euro pro Quadratmeter
Ein Wohntraum in der Nerostraße! Luxuriöse Ausstattung! Tiefgarage, Aufzug, EBK, Südbalkon, u.v.m.;Mitte, Wiesbaden;1390;81;17,16049383;8,2418705;50,0823281;15 bis 20 Euro pro Quadratmeter
Großzügige Maisonette-Penthouse Wohnung in bester Innenstadtlage / Kurpark;Parkstr., Bierstadt, Wiesbaden;3000;210;14,28571429;8,2602024;50,087271;12 bis 15 Euro pro Quadratmeter
Wunderschöne neu sanierte 3 Zimmer Wohnung mit Balkon zum Innenhof vom Eigentümer zu vermieten;Blücherstraße 6, Kastel, Wiesbaden;890;96;9,270833333;8,2824354;50,0115639;8 bis 10 Euro pro Quadratmeter
!!Wunderschöne Maisonettewohnung mit Terrasse in Mainz-Kastel direkt vom Eigentümer zu vermieten!!;Blücherstraße 8, Kastel, Wiesbaden;890;94;9,468085106;8,2822941;50,0116079;8 bis 10 Euro pro Quadratmeter
PROVISIONSFREI!!! 800 €, 95 m², 3 Zimmer;Mitte, Wiesbaden;800;95;8,421052632;8,2418705;50,0823281;8 bis 10 Euro pro Quadratmeter
Schöne, geräumige drei Zimmer Wohnung in Wiesbaden mit Penthouse-Charakter;Kaiser-Friedrich-Ring, Südost, Wiesbaden;940;103;9,126213592;8,2343203;50,0727099;8 bis 10 Euro pro Quadratmeter
Stilvolles Wohnen in der City!;Südost, Wiesbaden;1180;81;14,56790123;8,249484;50,0669775;12 bis 15 Euro pro Quadratmeter
Über den Dächern von Wiesbaden, Wohnflair wie im Neubau;Bülowstr. 7, Mitte, Wiesbaden;583;53;11;8,2261625;50,0836399;10 bis 12 Euro pro Quadratmeter
Über den Dächern von Wiesbaden, Wohnflair wie im Neubau;Bülowstr. 7, Mitte, Wiesbaden;792;72;11;8,2261625;50,0836399;10 bis 12 Euro pro Quadratmeter
Schöne helle vier Zimmer Wohnung in Wiesbaden - Bierstadt in ruhiger zentraler Lage;Anton-Günther-Straße 4, Bierstadt, Wiesbaden;1150;100;11,5;8,2807922;50,084359;10 bis 12 Euro pro Quadratmeter
Helle, Moderne 3-Zi.Wohnung in Schierstein, Südbalkon, Rhein nähe;Emil-Dietz-Strasse 9, Schierstein, Wiesbaden;980;86;11,39534884;8,2016108;50,0457757;10 bis 12 Euro pro Quadratmeter
Wunderschöne 3 WG - Zimmer im Dachgeschoss (teilmöbliert) mit Türmchen und schönem Ausblick;Kaiser-Friedrich-Ring, Mitte, Wiesbaden;420;67;6,268656716;8,2343203;50,0727099;6 bis 8 Euro pro Quadratmeter
Charmante Altbauwohnung im Rheingauviertel;Rheingauviertel, Wiesbaden;650;67;9,701492537;8,2265882;50,0755267;8 bis 10 Euro pro Quadratmeter
480 €, 42 m², 1 Zimmer;Kurt-Schumacher-Ring, Mitte, Wiesbaden;480;42;11,42857143;8,2190421;50,0799702;10 bis 12 Euro pro Quadratmeter
Sonnige familienfreundlich und WG geeignete Wohnung mit toller Nachbarschaft;Rheingauviertel, Wiesbaden;850;98;8,673469388;8,2265882;50,0755267;8 bis 10 Euro pro Quadratmeter
Charmante, helle Altbauwohnung in der Innenstadt;Mitte, Wiesbaden;1280;118;10,84745763;8,2418705;50,0823281;10 bis 12 Euro pro Quadratmeter
Modern, beautiful apartment in great location;Kleine Weinbergstraße 1, Nordost, Wiesbaden;1875;125;15;8,2333667;50,0958461;15 bis 20 Euro pro Quadratmeter
Wunderschönes 1-Zimmer-Apartment mit Balkon in Mainz-Kastel vom Eigentümer zu vermieten;Blücherstraße 8, Kastel, Wiesbaden;310;25;12,4;8,2822941;50,0116079;12 bis 15 Euro pro Quadratmeter
2-Zimmer Wohnung mit Balkon u. Singleküche in Wi-Biebrich;Rathausstraße, Biebrich, Wiesbaden;460;49;9,387755102;8,2388711;50,0399721;8 bis 10 Euro pro Quadratmeter
3 Zimmerwohnung mit EBK;Drudenstraße, Mitte, Wiesbaden;630;63;10;8,2280023;50,0850749;10 bis 12 Euro pro Quadratmeter
Erstbezug nach geschmackvoller Sanierung: WOHNTRAUM mit PKW-Stellplatz seitlich Biebricher Allee!;Südost, Wiesbaden;740;59;12,54237288;8,249484;50,0669775;12 bis 15 Euro pro Quadratmeter
In beliebter Wiesbadener Halbhöhenlage - nähe Kurpark;Mathildenstraße 6, Bierstadt, Wiesbaden;1150;112;10,26785714;8,260708;50,0843352;10 bis 12 Euro pro Quadratmeter
Sonniges Domizil in Rheinufernähe! Wohnfreundlicher Grundriss mit viel Tageslicht.;Marie - Juchacz - Straße 0, Kastel, Wiesbaden;720;85;8,470588235;8,2761235;50,0178641;8 bis 10 Euro pro Quadratmeter
Down-Town Apartment optimal for single or couple!;Nordost, Wiesbaden;1600;100;16;8,2303053;50,0917199;15 bis 20 Euro pro Quadratmeter
Penthouse-Traum zentral in Wiesbaden mit riesiger Dachterrasse;Stift Strasse, Nordost, Wiesbaden;4500;435;10,34482759;8,2366243;50,0894586;10 bis 12 Euro pro Quadratmeter
3-Zimmer-Wohnung in Erdgeschoss;Reuchlinstraße, Biebrich, Wiesbaden;620;72;8,611111111;8,2113105;50,0636213;8 bis 10 Euro pro Quadratmeter
Maisonette Wohnung direkt am Main;Mainpfortstraße, Kostheim, Wiesbaden;540;70;7,714285714;8,3077883;49,9999114;6 bis 8 Euro pro Quadratmeter
Möbliertes 1-Zimmer Apartment in zentraler Lage mit Terrasse und eigenem Garten;Rheingauviertel, Wiesbaden;750;33;22,72727273;8,2265882;50,0755267;mehr als 20 Euro pro Quadratmeter
3,5-Zimmer-Dachwohnung im Stilaltbau mit traumhaftem Blick über Wiesbaden;Philippsbergstraße, Nordost, Wiesbaden;750;80;9,375;8,2312439;50,0849334;8 bis 10 Euro pro Quadratmeter
Wiesbaden-Komponistenviertel, zeitlos elegante Wohnung mit feinsten Ausstattungsmerkmalen;Nordost, Wiesbaden;2100;133;15,78947368;8,2303053;50,0917199;15 bis 20 Euro pro Quadratmeter
Komplett renoviertes Zimmerapartement mit Balkon und Fahrstuhl in zentraler Lage!;Daimlerstrasse 2, Klarenthal, Wiesbaden;370;34;10,88235294;8,20913;50,07673;10 bis 12 Euro pro Quadratmeter
Schöne 3,5 Zimmer Wohnung in Wiesbaden, Schierstein;Bert-Brecht-Straße, Schierstein, Wiesbaden;1160;102;11,37254902;8,1941907;50,0573451;10 bis 12 Euro pro Quadratmeter
Schöne, geräumige zwei Zimmer Wohnung in Wiesbaden, Bierstadt;Bierstadt, Wiesbaden;600;65;9,230769231;8,2772655;50,0852386;8 bis 10 Euro pro Quadratmeter
*Paul & Partner* CITYLEBEN - HIER HABEN SIE INDIVIDUALITÄT UND PLATZ !;Mitte, Wiesbaden;2699;218;12,38073394;8,2418705;50,0823281;12 bis 15 Euro pro Quadratmeter
Helle 3 Zimmer-Dachgeschoss-Wohnung in City- und Bahnhofsnähe mit neuer Küche;Mitte, Wiesbaden;595;56;10,625;8,2418705;50,0823281;10 bis 12 Euro pro Quadratmeter
City-Ost großzügig, zentral, hell, ruhig, 2 Balkone, Garten;Südost, Wiesbaden;1150;106;10,8490566;8,249484;50,0669775;10 bis 12 Euro pro Quadratmeter
Möblierte 2-Zimmer Wohnung mit Internet und Reinigungsservice in Wiesbaden - City;Bierstadt, Wiesbaden;1430;56;25,53571429;8,2772655;50,0852386;mehr als 20 Euro pro Quadratmeter
Erstbezug nach Top-Sanierung + Waldrandlage + neue EBK + Gartennutzung + Belétage!;Rambach, Wiesbaden;790;63;12,53968254;8,2743096;50,1169148;12 bis 15 Euro pro Quadratmeter
Schöne, neu-renovierte 3 Zimmer-Wohnung seitlich der unteren Dotzheimer Straße-Citynah;Mitte, Wiesbaden;735;88;8,352272727;8,2418705;50,0823281;8 bis 10 Euro pro Quadratmeter
Sanierte 2 Zimmer im Altbau mit abgezogenen Dielen und freigelegten Balken im Dachbereich, 4. OG.;Mitte, Wiesbaden;620;48;12,91666667;8,2418705;50,0823281;12 bis 15 Euro pro Quadratmeter
Helle 4 ZKB mit Blick auf Biebricher Schloss und Park;Am Schlosspark, Biebrich, Wiesbaden;950;83;11,44578313;8,2377764;50,0419198;10 bis 12 Euro pro Quadratmeter
Wunderschöne, große zwei Zimmer Wohnung in Wiesbaden, Südost mit 2 Balkonen;Südost, Wiesbaden;750;84;8,928571429;8,249484;50,0669775;8 bis 10 Euro pro Quadratmeter
Schöne drei Zimmer Wohnung in Wiesbaden, Mitte;Körnerstraße 7, Mitte, Wiesbaden;870;68;12,79411765;8,2355034;50,0726815;12 bis 15 Euro pro Quadratmeter
*Paul & Partner* KERNSANIERTES & MÖBLIERTES APPARTMENT IN ZWEI MINUTEN ZUR WILHELMSTRAßE!;Nordost, Wiesbaden;1200;40;30;8,2303053;50,0917199;mehr als 20 Euro pro Quadratmeter
WI-Künstlerviertel: Moderne 3-Zi-Wohnung mit großer, offener Wohnküche!;Carla-Henius-Str. 7, Rheingauviertel, Wiesbaden;980;85;11,52941176;8,216853;50,0729039;10 bis 12 Euro pro Quadratmeter
GWW - In Wiesbaden zu Hause;Baumstr., Biebrich, Wiesbaden;646,03;64;10,09421875;8,2291211;50,06329;10 bis 12 Euro pro Quadratmeter
Sonnige große 1-Zimmer Altbauwohnung;Mitte, Wiesbaden;675;67;10,07462687;8,2418705;50,0823281;10 bis 12 Euro pro Quadratmeter
Helle 4-Zimmer Wohnung mit Balkon in Wiesbaden, oberes Biebrich, mit EBK, provisionsfrei;Wingertstr., Biebrich, Wiesbaden;880;94;9,361702128;8,2439083;50,0487916;8 bis 10 Euro pro Quadratmeter
*Unmöbliertes Studentenappartement in WI-City*;Schiersteiner Straße , Rheingauviertel, Wiesbaden;380;20;19;8,2258954;50,0695362;15 bis 20 Euro pro Quadratmeter
Zweizimmeraltbauwohnung in ruhiger Lage;Roonstraße, Rheingauviertel, Wiesbaden;520;53;9,811320755;8,2275875;50,0824912;8 bis 10 Euro pro Quadratmeter
+++Zentrale Lage in Mainz-Kastel  1 Zimmer Wohnung++++;Mainzer Straße 5, Kastel, Wiesbaden;350;35;10;8,28624;50,008308;10 bis 12 Euro pro Quadratmeter
Ruhig & Zentral, sonnige 1 ZKB;Jahnstr. 5, Mitte, Wiesbaden;570;55;10,36363636;8,23446;50,07671;10 bis 12 Euro pro Quadratmeter
Exlusive  3 ZI-Wohnung mit  Parkblick in Architektenhaus /WI-Walkmühltalanlagen;Nordost, Wiesbaden;1750;125;14;8,2303053;50,0917199;12 bis 15 Euro pro Quadratmeter
+++WI-SONNENBERG: GROßZÜGIGE 3-ZIMMER-WOHNUNG MIT SONNENBALKON+EBK!!!;Sonnenberg, Wiesbaden;1050;115;9,130434783;8,2580588;50,0974413;8 bis 10 Euro pro Quadratmeter
*Paul & Partner* ALTBAU ERLEBEN INMITTEN DER HESSISCHEN LANDESHAUPTSTADT !;Mitte, Wiesbaden;695;75;9,266666667;8,2418705;50,0823281;8 bis 10 Euro pro Quadratmeter
Sicher Wohnen und Sparen bei GENO50;Irenenstraße, Bierstadt, Wiesbaden;521,52;53;9,84;8,2634691;50,0859153;8 bis 10 Euro pro Quadratmeter
Sonnige -frisch renovierte 2ZKB-Wohnung in ruhiger Lage von WI-Bierstadt;Schwarzgasse, Bierstadt, Wiesbaden;759;69;11;8,2844286;50,0843817;10 bis 12 Euro pro Quadratmeter
schöne Altbauwohnung in einem ehemaligem Herrenhaus;Unterer Zwerchweg, Amöneburg, Wiesbaden;970;81;11,97530864;8,2660622;50,0367886;10 bis 12 Euro pro Quadratmeter
Exklusives Architektenhaus mit hochwertiger Ausstattung !! Provisionsfrei;Am Heiligenstock 4, Bierstadt, Wiesbaden;2000;125;16;8,2689326;50,0829267;15 bis 20 Euro pro Quadratmeter
Wiesbaden Nerotal - von privat;Nordost, Wiesbaden;945;73;12,94520548;8,2303053;50,0917199;12 bis 15 Euro pro Quadratmeter
*Paul & Partner* PURE ÄSTHETIK IN CITY OST - ALTBAUCHARME VEREINT MIT DESIGN-INTERIOR UND ROOFTOP !;Südost, Wiesbaden;2000;145;13,79310345;8,249484;50,0669775;12 bis 15 Euro pro Quadratmeter
WANDELBAR / Gemütliche 3-Zimmerwohnung in schönem City-Altbau mit Wohnküche und Garten;Rheinstraße 117, Mitte, Wiesbaden;950;113;8,407079646;8,23084;50,07754;8 bis 10 Euro pro Quadratmeter
3-ZW Wiesbaden-Nähe Hauptbahnhof - mit Dachterrasse;Schlichterstr., Mitte, Wiesbaden;850;84;10,11904762;8,2406097;50,0737798;10 bis 12 Euro pro Quadratmeter
Schöne Altbauwohnung mit Garten in toller Lage;Nordost, Wiesbaden;1300;100;13;8,2303053;50,0917199;12 bis 15 Euro pro Quadratmeter
Moderne Terrassen-Wohnung mit EBK und eigenem Gartenanteil;Bierstadter Straße  35A, Südost, Wiesbaden;1070;92;11,63043478;8,2566;50,08196;10 bis 12 Euro pro Quadratmeter
875 €, 102 m², 3 Zimmer;Bülowstraße 2, Mitte, Wiesbaden;875;102;8,578431373;8,2270462;50,0833305;8 bis 10 Euro pro Quadratmeter
Spacious ground floor apartment * Large Garden * Kitchen * Fireplace * Floor heating * Garage *;Theodor-Haubach-Straße, Klarenthal, Wiesbaden;1310;108;12,12962963;8,2039338;50,0850778;12 bis 15 Euro pro Quadratmeter
Großzügige EG-Neubauwohnung * XL-Garten * Markenküche * Kamin * Fußbodenhzg * Garage *;Theodor-Haubach-Straße, Klarenthal, Wiesbaden;1310;108;12,12962963;8,2039338;50,0850778;12 bis 15 Euro pro Quadratmeter
Kuschelige 1,5 Zimmer-Wohnung in City-Nähe;Emser Str. 12 b, Mitte, Wiesbaden;395;33;11,96969697;8,23374;50,08338;10 bis 12 Euro pro Quadratmeter
Modern 4 bedroom city-apartment with parking downtown;Mitte, Wiesbaden;2700;200;13,5;8,2418705;50,0823281;12 bis 15 Euro pro Quadratmeter
Bestlage Komponistenviertel! Dachwhg. mit Balkon ins Grüne -2,5 ZKBB - 66qm mit EBK  € 500,- + NK-;Nordost, Wiesbaden;500;66;7,575757576;8,2303053;50,0917199;6 bis 8 Euro pro Quadratmeter
Modernes Wohnen in Toplage;Sonnenberg, Wiesbaden;1750;114;15,35087719;8,2580588;50,0974413;15 bis 20 Euro pro Quadratmeter
Helle, gemütliche 1-Zimmer-Wohnung in Wiesbaden, Mainz-Kastel;Kastel, Wiesbaden;280;22;12,72727273;8,2806368;50,0192814;12 bis 15 Euro pro Quadratmeter
Helle, Großzügige 4-Zimmer Wohnung, großer Wohnbereich, L-Balkon,mit großem Garten in Sonnenberg;Sonnenberg, Wiesbaden;1380;128;10,78125;8,2580588;50,0974413;10 bis 12 Euro pro Quadratmeter
4-Zimmer-Wohnung mit großem Balkon;Erasmustraße, Biebrich, Wiesbaden;1128;106;10,64150943;8,2145866;50,061962;10 bis 12 Euro pro Quadratmeter
*Paul & Partner* UNTERNEHMER-VILLA IN BESTLAGE ZUR KURZ- ODER LANGZEITMIETE ! VOLL MÖBLIERT! LUXUS!;Bierstadt, Wiesbaden;7000;365;19,17808219;8,2772655;50,0852386;15 bis 20 Euro pro Quadratmeter
Renovierte 2,5-Zimmer-Wohnung mit Balkon;Reuchlinstraße, Biebrich, Wiesbaden;578;67;8,626865672;8,2113105;50,0636213;8 bis 10 Euro pro Quadratmeter
Möblierte 3-Zimmer Wohnung mit Balkon, Internet und Reinigungsservice in Wiesbaden;Schierstein, Wiesbaden;1655;86;19,24418605;8,1962967;50,0445973;15 bis 20 Euro pro Quadratmeter
Super zentral mitten in der City;Röderstrasse, Mitte, Wiesbaden;500;50;10;8,2373162;50,0877474;10 bis 12 Euro pro Quadratmeter
Schöne, geräumige zwei Zimmer Wohnung in Wiesbaden, Mitte;Sedanstraße 4, Mitte, Wiesbaden;590;62;9,516129032;8,2308528;50,083165;8 bis 10 Euro pro Quadratmeter
Großzügig gestaltete 3,5-Zimmer Wohnung in Wiesbaden, Südost;Mainzer Straße 25a, Südost, Wiesbaden;1050;99;10,60606061;8,2479346;50,0749608;10 bis 12 Euro pro Quadratmeter
2 Zimmerwohnung, Küche & Bad!! Perfekt für Pärchen;Kostheim, Wiesbaden;625;63;9,920634921;8,3003089;50,007646;8 bis 10 Euro pro Quadratmeter
Schöne, geräumige zwei Zimmer Wohnung in Wiesbaden, Nordost;Galileistr., Nordost, Wiesbaden;640;64;10;8,2272674;50,0930008;10 bis 12 Euro pro Quadratmeter
Möblierte, schöne, geräumige 1-Zimmer Wohnung in Wiesbaden, Mitte;Bismarckring 4, Mitte, Wiesbaden;530;65;8,153846154;8,22937;50,0786;8 bis 10 Euro pro Quadratmeter
Helle und großzüge 3 Zimmer Whg, Ideal zum Arbeiten & Wohnen, 2 Eingänge, kleine Wohneinheit;Nordost, Wiesbaden;960;121;7,933884298;8,2303053;50,0917199;6 bis 8 Euro pro Quadratmeter
Ideal für Singles! 1,5 ZKB-Wohnung!  Beste Lage in WI 5-min zum HBF!!;Frauenlobstr. 0, Südost, Wiesbaden;520;39;13,33333333;8,2357535;50,0701325;12 bis 15 Euro pro Quadratmeter
4 Zimmer Wohnung im Westend zu vermieten;Goebenstrasse 2, Mitte, Wiesbaden;1100;105;10,47619048;8,229029;50,0792449;10 bis 12 Euro pro Quadratmeter
Wunderschöne und helle 3-Zimmer Wohnung mit großzügiger Garten-Terrasse in Wiesbaden-Dotzheim;Sandbornstraße 9, Klarenthal, Wiesbaden;950;85;11,17647059;8,2060676;50,0768598;10 bis 12 Euro pro Quadratmeter
Sonnige drei Zimmer Wohnung in Wiesbaden, Biebrich;Rheingaustraße 152, Biebrich, Wiesbaden;1050;85;12,35294118;8,2367957;50,0366239;12 bis 15 Euro pro Quadratmeter
2 Zimmer Wohnung 48qm in 65197 Wiesbaden Dotzheim zu vermieten;An der Aulenkaut 0, Dotzheim, Wiesbaden;490;48;10,20833333;8,2036826;50,0757731;10 bis 12 Euro pro Quadratmeter
Helle 1,5-Zimmer-Wohnung im Dachgeschoss in ruhiger Lage!;Delkenheim, Wiesbaden;355;28;12,67857143;8,3551681;50,0436404;12 bis 15 Euro pro Quadratmeter
GIP-IMMOBILIEN *Großzügige s Wohnerlebnis*4 Zimmer Altbauwohnung in WI 1 A Lage;Mitte, Wiesbaden;1429;152;9,401315789;8,2418705;50,0823281;8 bis 10 Euro pro Quadratmeter
Moderne und helle 3-Zimmer-Wohnung mit TL-Bad und TG-Stellplatz in Schierstein;Schierstein, Wiesbaden;750;72;10,41666667;8,1962967;50,0445973;10 bis 12 Euro pro Quadratmeter
°°° Schickes Appartement in Top-Lage: Mit offener Küche und TL-Duschbad für einen neuen Anfang! °°°;Bierstadt, Wiesbaden;360;22;16,36363636;8,2772655;50,0852386;15 bis 20 Euro pro Quadratmeter
Möblierte 3-Zimmer Wohnung mit Balkon, Garage/PKW-Stellplatz und Internet in Wiesbaden;Biebrich, Wiesbaden;1550;84;18,45238095;8,2390966;50,0517113;15 bis 20 Euro pro Quadratmeter
2 ZKB, renoviert, von Privat;Dotzheimerstrasse 122, Rheingauviertel, Wiesbaden;470;39;12,05128205;8,2196959;50,0769785;12 bis 15 Euro pro Quadratmeter
2 ZKB, Modern, EBK, in historischem Einzelkulturdenkmal;Emserstrasse, Mitte, Wiesbaden;600;42;14,28571429;8,2304222;50,0841441;12 bis 15 Euro pro Quadratmeter
Wohnung, zweiter Stock, 53qm, Stadtmitte;Mitte, Wiesbaden;500;53;9,433962264;8,2418705;50,0823281;8 bis 10 Euro pro Quadratmeter
1 ZKB,  von Privat,  incl. EBK Modern;Bleichstrasse, Mitte, Wiesbaden;599;45;13,31111111;8,2330075;50,0807009;12 bis 15 Euro pro Quadratmeter
City - apartment on 200 m² with elevator, balconies and parking;Mitte, Wiesbaden;2600;200;13;8,2418705;50,0823281;12 bis 15 Euro pro Quadratmeter
Schöne, geräumige zwei Zimmer Wohnung in Wiesbaden, Mitte;Scharnhorststraße, Mitte, Wiesbaden;630;75;8,4;8,2260761;50,0803511;8 bis 10 Euro pro Quadratmeter
Helle Dachwhg. mit Balkon! 3 ZKBB - 68qm mit Laminat Wi-Erbenheim € 610,- + NK;Erbenheim, Wiesbaden;610;68;8,970588235;8,2963174;50,0556363;8 bis 10 Euro pro Quadratmeter
Wunderschöne 3,5-Zimmer Wohnung in ruhiger Lage, Wiesbaden, Südost;Beethovenstraße, Südost, Wiesbaden;1250;100;12,5;8,253985;50,0778134;12 bis 15 Euro pro Quadratmeter
Klasse Wohnen im Europaviertel;Simone-Veil-Straße, Rheingauviertel, Wiesbaden;850;75;11,33333333;8,2231239;50,0706347;10 bis 12 Euro pro Quadratmeter
Aufwändig kernsaniert.... Bel Etage in freistehender Villa;Nordost, Wiesbaden;2000;133;15,03759398;8,2303053;50,0917199;15 bis 20 Euro pro Quadratmeter
Ruhige 4 Zimmer-Wohnung in Kurparknähe;Bierstadt, Wiesbaden;1800;140;12,85714286;8,2772655;50,0852386;12 bis 15 Euro pro Quadratmeter
Dotzheim: Zentral wohnen und arbeiten in 6-Zimmer-Maisonettewohnung;Karl-Arnold-Straße, Dotzheim, Wiesbaden;1155;133;8,684210526;8,1925868;50,0710732;8 bis 10 Euro pro Quadratmeter
****-Top-Neubau-Wohnung mit Balkon im 1. OG mit Aufzug & Laminat!;Kreuzberger Ring, Erbenheim, Wiesbaden;559;70;7,985714286;8,2917354;50,0552221;6 bis 8 Euro pro Quadratmeter
460 €, 46 m², 2 Zimmer;Am Schloßpark, Biebrich, Wiesbaden;460;46;10;8,2377764;50,0419198;10 bis 12 Euro pro Quadratmeter
Schuch Immobilien - Altbauperle am Rheinufer;Biebrich, Wiesbaden;1640;143;11,46853147;8,2390966;50,0517113;10 bis 12 Euro pro Quadratmeter
WI-Dotzheim: Neu renovierte 4-Zimmer-Wohnung mit Fernblick;Dotzheim, Wiesbaden;1330;122;10,90163934;8,1942059;50,0730319;10 bis 12 Euro pro Quadratmeter
5,5 Zimmerwohnung in Wiesbaden-Bierstadt von privat zu vermieten;Venatorstraße 2, Bierstadt, Wiesbaden;1150;130;8,846153846;8,2864658;50,0823255;8 bis 10 Euro pro Quadratmeter
Attraktive renovierte 4 1/2 Zimmer Altbauwohnung mit Blick ins Grüne, Theaternähe;Mainzer Str, Südost, Wiesbaden;1175;107;10,98130841;8,2514943;50,0644436;10 bis 12 Euro pro Quadratmeter
++++++Helle & sanierte 3 Zi.- Wohnung mit Fahrstuhl & Balkon;Webergasse 5, Mitte, Wiesbaden;850;80;10,625;8,2427684;50,0847781;10 bis 12 Euro pro Quadratmeter
GWW - In Wiesbaden zu Hause;Straße der Republik, Biebrich, Wiesbaden;824,47;104;7,927596154;8,2411596;50,0444586;6 bis 8 Euro pro Quadratmeter
Sehr Schöne Wohnung zu vermieten, Neubau und direkt vom Vermieter;Moritzstraße, Mitte, Wiesbaden;600;55;10,90909091;8,2387289;50,074341;10 bis 12 Euro pro Quadratmeter
DAS TOR ZUM RHEINGAU!!! DIESE TRAUMHAFTE 2-ZIMMER-WOHNUNG WARTET AUF SIE!!!;Krembergstraße, Schierstein, Wiesbaden;700;68;10,29411765;8,1931648;50,0494797;10 bis 12 Euro pro Quadratmeter
Wunderschöne, geräumige vier Zimmer Altbauwohnung, nähe Schlosspark, in Wiesbaden, Biebrich;Rathausstrasse, Biebrich, Wiesbaden;1200;125;9,6;8,2388711;50,0399721;8 bis 10 Euro pro Quadratmeter
Schöne drei Zimmer Wohnung in Wiesbaden, Dotzheim;Dotzheim, Wiesbaden;900;74;12,16216216;8,1942059;50,0730319;12 bis 15 Euro pro Quadratmeter
GRUNDform-Immobilien ! Lust auf individuelles Wohnen ? Exklusiv - großzügig - gemütlich !;Klarenthal, Wiesbaden;730;67;10,89552239;8,2024231;50,0867212;10 bis 12 Euro pro Quadratmeter
Schöne, geräumige fünf Zimmer Wohnung in Wiesbaden, Nordost;Wilhelminenstr., Nordost, Wiesbaden;1900;200;9,5;8,2304939;50,092632;8 bis 10 Euro pro Quadratmeter
Schöne Altbauwohnung mit eigenem Garten und Terrasse;Bierstadt, Wiesbaden;800;75;10,66666667;8,2772655;50,0852386;10 bis 12 Euro pro Quadratmeter
Exklusiv leben in WI-Toplage !!!;Nordost, Wiesbaden;1250;70;17,85714286;8,2303053;50,0917199;15 bis 20 Euro pro Quadratmeter
"BAU ERSTBEZUG im ""Wohnquartier Rheingaupalais""";Söhnleinstraße, Schierstein, Wiesbaden;1039;98;10,60204082;8,18281;50,0445058;10 bis 12 Euro pro Quadratmeter
Schuch Immobilien - Toplage Komponistenviertel - Mit Fernblick ins Grüne;Nordost, Wiesbaden;1190;104;11,44230769;8,2303053;50,0917199;10 bis 12 Euro pro Quadratmeter
Schöne, geräumige ein Zimmer Wohnung in Wiesbaden-Biebrich mit Grünbestand imEingangsbereich;Breslauer Straße, Biebrich, Wiesbaden;500;35;14,28571429;8,2462398;50,0418065;12 bis 15 Euro pro Quadratmeter
Wohnung in Stadtnähe, großer Balkon, Tageslichtbad, Aufzug, Stellplatz, barrierearm;Welfenstrasse 5, Südost, Wiesbaden;673;60;11,21666667;8,2533289;50,0672486;10 bis 12 Euro pro Quadratmeter
Helle gut geschnittene Stadtwohnung in der Webergasse;Mitte, Wiesbaden;620;71;8,732394366;8,2418705;50,0823281;8 bis 10 Euro pro Quadratmeter
Schöne 2,5 Zimmer Wohnung in Wiesbaden;Sonnenblumenweg 7, Dotzheim, Wiesbaden;900;71;12,67605634;8,1873657;50,0654056;12 bis 15 Euro pro Quadratmeter
Dichterviertel -Schöne zwei Zimmer Wohnung in Wiesbaden, Südost;Kleiststraße, Südost, Wiesbaden;540;52;10,38461538;8,2331977;50,071819;10 bis 12 Euro pro Quadratmeter
Schöne, geräumige fünf Zimmer Wohnung in Wiesbaden, Erbenheim;Buschungstraße, Erbenheim, Wiesbaden;2500;180;13,88888889;8,3018838;50,059416;12 bis 15 Euro pro Quadratmeter
Große zwei Zimmer Altbauwohnung in Wiesbaden, Rheingauviertel;Rheingauviertel, Wiesbaden;601,34;72;8,351944444;8,2265882;50,0755267;8 bis 10 Euro pro Quadratmeter
wunderschöne Stadtwohnung mit Parkett und EBK in denkmalgeschütztem Jugendstilbau!;Mitte, Wiesbaden;790;88;8,977272727;8,2418705;50,0823281;8 bis 10 Euro pro Quadratmeter
Großzügige Wohnetage - Expats welcome! - 2 Schlafzimmer;Lichtenbergstraße , Sonnenberg, Wiesbaden;1800;140;12,85714286;8,2643371;50,0929165;12 bis 15 Euro pro Quadratmeter
** EIN UNIKAT IN WIESBADEN, GROSSE DACHTERASSE MIT RUNDUMBLICK **;Südost, Wiesbaden;2900;200;14,5;8,249484;50,0669775;12 bis 15 Euro pro Quadratmeter
Schöne möbilierte 2 Zimmer Wohnung in Wiesbaden (Mitte);Emanuel-Geibel-Straße ., Mitte, Wiesbaden;750;56;13,39285714;8,2335524;50,0746333;12 bis 15 Euro pro Quadratmeter
Neubau-Erstbezug! Sehr gut ausgestattete 3 Zi.-Whg. in Wbd.-Kohlheck, Halbhöhenlage, direkt am Wald!;Dotzheim, Wiesbaden;1220;105;11,61904762;8,1942059;50,0730319;10 bis 12 Euro pro Quadratmeter
Top Moderne Stadtwohnung Nähe Luisenforum + Tiefgarage/Stellplatz;Südost, Wiesbaden;980;70;14;8,249484;50,0669775;12 bis 15 Euro pro Quadratmeter
3-Zimmer Penthousewohnung 112 m² mit fantastischer Aussicht in WI-Nordost;Rothstraße 7, Nordost, Wiesbaden;1250;112;11,16071429;8,22957;50,08782;10 bis 12 Euro pro Quadratmeter
Herrlich saniert mit sehr viel Platz und Mitten in der Stadt;Theodor-Heuss-Ring, Biebrich, Wiesbaden;1140;130;8,769230769;8,2486436;50,060499;8 bis 10 Euro pro Quadratmeter
Erstbezug drei Zimmer Wohnung in Wiesbaden, Südost;Hasengartenstraße 19a, Südost, Wiesbaden;1110;84;13,21428571;8,2573531;50,0625443;12 bis 15 Euro pro Quadratmeter
Schöne zwei Zimmer Wohnung in Wiesbaden, Nordost;Platterstr, Nordost, Wiesbaden;550;48;11,45833333;8,2145157;50,104788;10 bis 12 Euro pro Quadratmeter
135m² gehobenes Penthouse - 1040€, ein wunderschöner Ausblick - Unbezahlbar;Nelkenstr 6, Naurod, Wiesbaden;1040;135;7,703703704;8,2968556;50,1355524;6 bis 8 Euro pro Quadratmeter
Wohnen auf einem 2-1/2-Zimmer-Thron;Nordost, Wiesbaden;600;61;9,836065574;8,2303053;50,0917199;8 bis 10 Euro pro Quadratmeter
Schöne Dachgeschosswohnung mit Fernblick;Biebrich, Wiesbaden;700;62;11,29032258;8,2390966;50,0517113;10 bis 12 Euro pro Quadratmeter
Sonnig helle 3-Zimmer-Wohlfühlwohnung in ruhiger Lage in Dotzheim/Märchenland für max. 2 Personen;Dotzheim, Wiesbaden;750;75;10;8,1942059;50,0730319;10 bis 12 Euro pro Quadratmeter
Maisonettewohnung Nähe Stadtzentrum;Nordost, Wiesbaden;1040;92;11,30434783;8,2303053;50,0917199;10 bis 12 Euro pro Quadratmeter
Großzügig gestaltete, ruhige Wohnung in der City;Mitte, Wiesbaden;650;70;9,285714286;8,2418705;50,0823281;8 bis 10 Euro pro Quadratmeter
Traumhafte 1,5 Zimmer Wohnung mit eigenem Garten;Südost, Wiesbaden;660;42;15,71428571;8,249484;50,0669775;15 bis 20 Euro pro Quadratmeter
NICHT ALLTÄGLICH....Wohnen im Turm;Amöneburg, Wiesbaden;585;60;9,75;8,252845;50,035018;8 bis 10 Euro pro Quadratmeter
Gut geschnittene Altbau DG Wohnung mit Blick ins Grüne in Wiesbaden, Nordost;Walkmühlstrasse, Nordost, Wiesbaden;570;62;9,193548387;8,223209;50,088852;8 bis 10 Euro pro Quadratmeter
Möblierte 2-Zimmer-Wohnung in Wiesbaden-Igstadt zu vermieten;Igstadt, Wiesbaden;1050;65;16,15384615;8,3277242;50,0811797;15 bis 20 Euro pro Quadratmeter
*Paul & Partner* SANIERTER CITY-ALTBAU MIT BESTER AUSSTATTUNG ! EBK! STELLPLATZ!;Südost, Wiesbaden;1180;81;14,56790123;8,249484;50,0669775;12 bis 15 Euro pro Quadratmeter
SCHICKE 4-ZIMMER-WOHNUNG mit TOP-AUSSTATTUNG in ATTRAKTIVER, RUHIGER U. WALDNAHE WOHNLAGE;Dotzheim, Wiesbaden;1300;138;9,420289855;8,1942059;50,0730319;8 bis 10 Euro pro Quadratmeter
SCHÖNE 3-ZIMMER-DACHGESCHOSSWOHNUNG IN WIESBADEN - ATTRAKTIVE, RUHIGE U. WALDNAHE WOHNLAGE;Dotzheim, Wiesbaden;1250;123;10,16260163;8,1942059;50,0730319;10 bis 12 Euro pro Quadratmeter
Schöne 4-Zimmer Wohnung in WI-Klarenthal;Ernst-von-Harnack-Str., Klarenthal, Wiesbaden;807;100;8,07;8,2057543;50,0835928;8 bis 10 Euro pro Quadratmeter
Modernisierte 3-Zimmer Wohnung in WI- Klarenthal;Ernst-von-Harnack-Str., Klarenthal, Wiesbaden;681;87;7,827586207;8,2057543;50,0835928;6 bis 8 Euro pro Quadratmeter
"BAU ERSTBEZUG im ""Wohnquartier am Rheingaupalais"" 060/K04-0102";Kleinaustr. 4, Schierstein, Wiesbaden;758;65;11,66153846;8,1908873;50,0436302;10 bis 12 Euro pro Quadratmeter
Mitten in der City - mit großem Balkon und EBK ...;Mitte, Wiesbaden;495;60;8,25;8,2418705;50,0823281;8 bis 10 Euro pro Quadratmeter
Wohnen direkt am Marktplatz;Mitte, Wiesbaden;545;62;8,790322581;8,2418705;50,0823281;8 bis 10 Euro pro Quadratmeter
Oranienstraße: sanierte, helle Altbauwohnung mit Dielenböden;Oranienstr., Mitte, Wiesbaden;869;100;8,69;8,2372566;50,0742614;8 bis 10 Euro pro Quadratmeter
Europaviertel: Attraktive Wohnung im Wiesbadener Europaviertel ab 1.9.17 zu vermieten!;George-Marshall-Straße, Rheingauviertel, Wiesbaden;740;75;9,866666667;8,2213164;50,0707596;8 bis 10 Euro pro Quadratmeter
Kleines Haus auf mehreren Etagen mit Hofbenutzung in Wiesbaden-Rambach;Eppsteiner Strasse 8, Rambach, Wiesbaden;750;80;9,375;8,2742388;50,1168854;8 bis 10 Euro pro Quadratmeter
Sehr schöne lichtdurchflutete ruhige Penthouse-Maisonettewohung in Wiesbaden-City;Mitte, Wiesbaden;1750;170;10,29411765;8,2418705;50,0823281;10 bis 12 Euro pro Quadratmeter
***Freundliche, loftartige Erdgeschosswohnung, 175m², ruhige Lage, Ortsrand von Igstadt***;Igstadt, Wiesbaden;1485;175;8,485714286;8,3277242;50,0811797;8 bis 10 Euro pro Quadratmeter
NEROBERG - Direkter Blick auf die Kapelle;Nordost, Wiesbaden;680;53;12,83018868;8,2303053;50,0917199;12 bis 15 Euro pro Quadratmeter
Außergewöhnliche Altbauetage mit besonderem Flair! Wbd. - Komponistenviertel;Nordost, Wiesbaden;1400;100;14;8,2303053;50,0917199;12 bis 15 Euro pro Quadratmeter
Helles, modernes 1 Zimmer-Appartment/Büro in Wiesbaden-Naurod;Obergasse, Naurod, Wiesbaden;450;51;8,823529412;8,2979408;50,136881;8 bis 10 Euro pro Quadratmeter
Helle, moderne  3 Zimmer Wohnung in Wiesbaden-Naurod;Obergasse, Naurod, Wiesbaden;1050;100;10,5;8,2979408;50,136881;10 bis 12 Euro pro Quadratmeter
2ZKB Wohnung in zentraler Lage Wiesbadens;Südost, Wiesbaden;391,59;41;9,55097561;8,249484;50,0669775;8 bis 10 Euro pro Quadratmeter
Ideal für 1-2 Personen! Geräumige 2,5 Zimmer Whg. in bevorzugter Lage, Wbd.;Sonnenberg, Wiesbaden;1200;100;12;8,2580588;50,0974413;12 bis 15 Euro pro Quadratmeter
Erstbezug nach Sanierung, attraktive Singlewohnung, seitlich Biebricher Allee, Wbd.;Biebrich, Wiesbaden;650;51;12,74509804;8,2390966;50,0517113;12 bis 15 Euro pro Quadratmeter
2 ZKB 1.obergschoss mit balkon;An der Höhe 3, Breckenheim, Wiesbaden;610;61;10;8,3658051;50,0836982;10 bis 12 Euro pro Quadratmeter
Exklusive 3,5 ZI- Maisonette Wohnung  mit 4 Terrassen mit direktem Parkblick;Nordost, Wiesbaden;2030;145;14;8,2303053;50,0917199;12 bis 15 Euro pro Quadratmeter
Von Privat. Schöne, helle und geräumige zwei Zimmer Wohnung in Wiesbaden mit guter Verkehrsanbindung;Fuchsstrasse, Biebrich, Wiesbaden;560;64;8,75;8,224642;50,0649557;8 bis 10 Euro pro Quadratmeter
WG-Geeignet schöne 2 ZKB Wohnung in der Rheinstr;Rheinstr 71 5, Südost, Wiesbaden;545;65;8,384615385;8,24707;50,07888;8 bis 10 Euro pro Quadratmeter
Exclusives Wohnen in Toplage;Verdistraße, Nordost, Wiesbaden;2015;155;13;8,2520537;50,0931321;12 bis 15 Euro pro Quadratmeter
Nachmieter gesucht: 140qm Altbau Rheinstraße;Rheinstraße, Mitte, Wiesbaden;1350;140;9,642857143;8,239349;50,0778201;8 bis 10 Euro pro Quadratmeter
Beletage in Wiesbadener Altbauvilla mit Rheinblick;Rheingaustraße 107, Biebrich, Wiesbaden;990;84;11,78571429;8,22316;50,03961;10 bis 12 Euro pro Quadratmeter
2-Zimmer-Wohnung in Wi-Schierstein;Saarbrücker Allee 9, Schierstein, Wiesbaden;600;62;9,677419355;8,20476;50,0464078;8 bis 10 Euro pro Quadratmeter
Nerotal Wiesbadener Spitzenlage * große 3-Zimmerwohnung mit Balkon;Nordost, Wiesbaden;890;85;10,47058824;8,2303053;50,0917199;10 bis 12 Euro pro Quadratmeter
Toplage Dambachtal großzügige Etagenwohnung;Nordost, Wiesbaden;1700;142;11,97183099;8,2303053;50,0917199;10 bis 12 Euro pro Quadratmeter
Charmante  2-3 Zi. Whg. im Herzen WI-Biebrich***BESICHTIGUNG 21.06.17, 18.30 UHR!!!***;Rathausstraße, Biebrich, Wiesbaden;900;80;11,25;8,2388711;50,0399721;10 bis 12 Euro pro Quadratmeter
Top 2-Zi-Whg. im Herzen Wiesbaden-Biebrich ***BESICHTIGUNG 21.06.17, 19:00 UHR!!!*** ?;Rathausstraße, Biebrich, Wiesbaden;710;53;13,39622642;8,2388711;50,0399721;12 bis 15 Euro pro Quadratmeter
Exklusives Wohnen mit Maisonette, Wintergarten und Terrassen;Sonnenberg, Wiesbaden;1950;185;10,54054054;8,2580588;50,0974413;10 bis 12 Euro pro Quadratmeter
CHARMANTE MAISONETTE-DACHGESCHOSS-ALTBAUWOHNUNG IM BELIEBTEN RHEINGAUVIERTEL;Rheingauviertel, Wiesbaden;1300;140;9,285714286;8,2265882;50,0755267;8 bis 10 Euro pro Quadratmeter
Schöne 3 Zi-Whg., inkl. 2 Balkone ca. 80m² - Seitl. Biebricher Allee;Biebrich, Wiesbaden;880;80;11;8,2390966;50,0517113;10 bis 12 Euro pro Quadratmeter
RUHIGE OFFENE BAUWOHNUNG, MODERNE AUSSTATTUNG, 4,5 ZIMMER, BALKON IM GRÜNEN;Nordenstadt, Wiesbaden;1820;135;13,48148148;8,3391589;50,0616037;12 bis 15 Euro pro Quadratmeter
Wohnung in TOP Lage mit Südbalkon;Anne-Frank-Str. 2, Klarenthal, Wiesbaden;501;61;8,213114754;8,2081171;50,0841825;8 bis 10 Euro pro Quadratmeter
RUHIGE OFFENE BAUWOHNUNG, MODERNE AUSSTATTUNG, 2,5 ZIMMER, BALKON IM GRÜNEN;Nordenstadt, Wiesbaden;1120;83;13,4939759;8,3391589;50,0616037;12 bis 15 Euro pro Quadratmeter
Keine weiteren Anfragen bitte. Großer Südbalkon! 1 Zimmer-Wohnung, TOP-Lage, nahe zu Stadt/Neroberg;Kapellenstraße 64a, Nordost, Wiesbaden;400;35;11,42857143;8,23749;50,09359;10 bis 12 Euro pro Quadratmeter
SONNENANBETER GESUCHT;Bierstadt, Wiesbaden;1000;102;9,803921569;8,2772655;50,0852386;8 bis 10 Euro pro Quadratmeter
Penthaus 3 ZKB mit Balkon und Terrasse, Ausblick , Granit , Parkett;Auf der Eich, Dotzheim, Wiesbaden;1420;120;11,83333333;8,2016562;50,0749188;10 bis 12 Euro pro Quadratmeter
Möblierte 2-Zimmer-Wohnung zu vermieten;Dotzheim, Wiesbaden;965;85;11,35294118;8,1942059;50,0730319;10 bis 12 Euro pro Quadratmeter
*Paul & Partner* PARKSIDE LIVING 44 - WOHNEN WIE ES SEIN SOLLTE ! TRAUMHAFTER, SANIERTER ALTBAU !;Sonnenberg, Wiesbaden;1625;122;13,31967213;8,2580588;50,0974413;12 bis 15 Euro pro Quadratmeter
Wohnen gegenüber den Thermen;Parkweg 6, Sonnenberg, Wiesbaden;600;54;11,11111111;8,26147;50,08908;10 bis 12 Euro pro Quadratmeter
Renoviertes Single Appartement Nähe Hochschule Rhein-Main;Goebenstraße, Mitte, Wiesbaden;340;33;10,3030303;8,2274318;50,0793902;10 bis 12 Euro pro Quadratmeter
Provisionsfrei! Sanierte 3ZKBB Wohnung in begehrter Lage von Wiesbaden!;Gabelsbornstr., Biebrich, Wiesbaden;1200;110;10,90909091;8,2360377;50,056608;10 bis 12 Euro pro Quadratmeter
Modern möbliertes Apartment in Wiesbaden City;Südost, Wiesbaden;715;27;26,48148148;8,249484;50,0669775;mehr als 20 Euro pro Quadratmeter
Schöne, geräumige ein Zimmer Studenten-Wohnung in Wiesbaden, Rheingauviertel, Hollerborn;Rheingauviertel, Wiesbaden;249;32;7,78125;8,2265882;50,0755267;6 bis 8 Euro pro Quadratmeter
Schöne 2- Zimmer Wohnung in Wiesbaden, Nordost;Nordost, Wiesbaden;498;52;9,576923077;8,2303053;50,0917199;8 bis 10 Euro pro Quadratmeter
580 €, 48 m², 2 Zimmer;Klagenfurter Ring, Biebrich, Wiesbaden;580;48;12,08333333;8,2200502;50,0565193;12 bis 15 Euro pro Quadratmeter
sonnige 3 ZKBB Wohnung im Grünen zu vermieten;Medenbach, Wiesbaden;580;70;8,285714286;8,3386222;50,1095031;8 bis 10 Euro pro Quadratmeter
Schöne, geräumige vier Zimmer Wohnung in Wiesbaden, Biebrich;Strasse der Republik, Biebrich, Wiesbaden;1790;175;10,22857143;8,2411596;50,0444586;10 bis 12 Euro pro Quadratmeter
Schöne, geräumige zwei Zimmer Wohnung in Wiesbaden, Biebrich;Erich-Ollenhauer-Straße 32 d, Biebrich, Wiesbaden;580;61;9,508196721;8,2270609;50,0557953;8 bis 10 Euro pro Quadratmeter
Schuch Immobilien - Altbauperle am Rheinufer;Biebrich, Wiesbaden;1640;143;11,46853147;8,2390966;50,0517113;10 bis 12 Euro pro Quadratmeter
Gemütliche 3ZKBB Wohnung seitlich Biebricher Allee;Biebrich, Wiesbaden;750;70;10,71428571;8,2390966;50,0517113;10 bis 12 Euro pro Quadratmeter
XXL-Sonnenbalkon - und der Sommer kann kommen (M-65197-Goe17);Goerdeler Str., Klarenthal, Wiesbaden;739,2;77;9,6;8,2050126;50,0857171;8 bis 10 Euro pro Quadratmeter
Großräumige Einzimmerwohnung in gefragter Lage in Nordost - citynah und dennoch ruhig;Nordost, Wiesbaden;475;50;9,5;8,2303053;50,0917199;8 bis 10 Euro pro Quadratmeter
Entspanntes Wohnen über den Dächern von Wiesbaden in der Taunusstraße;Taunusstraße, Nordost, Wiesbaden;850;92;9,239130435;8,2410513;50,0880538;8 bis 10 Euro pro Quadratmeter
Helle 3 Zimmer Wohnung mit Einbauküche und Balkon von Privat;Eckernförderstraße, Mitte, Wiesbaden;695;67;10,37313433;8,2237053;50,084679;10 bis 12 Euro pro Quadratmeter
Moderne und ruhige,3 ZEBKB,Balkon in der Sonnenbergerstrasse Wiesbaden;Sonnenbergerstrasse, Nordost, Wiesbaden;1400;105;13,33333333;8,2565834;50,089729;12 bis 15 Euro pro Quadratmeter
Ruhige  2,5 ZI-WOHNUNG IN RHEINNÄHE MIT HINTERHOFIDYLLE U GROSSZÜGIGER TERRASSE;Schierstein, Wiesbaden;750;64;11,71875;8,1962967;50,0445973;10 bis 12 Euro pro Quadratmeter
* Wohlfühl-Ambiente * schicke 4,5-Zi.-Wohnung (saniert) mit grossem Garten in Wiesbaden-Naurod!;Naurod, Wiesbaden;1350;109;12,3853211;8,3035004;50,1353277;12 bis 15 Euro pro Quadratmeter
Large apartment in the city center - Americans welcome;Rheinbahnstraße 2, Mitte, Wiesbaden;1765;150;11,76666667;8,2431337;50,077269;10 bis 12 Euro pro Quadratmeter
Schöne, geräumige drei Zimmer Wohnung in Wiesbaden, Nordost;Bierstadter Straße 8, Nordost, Wiesbaden;1400;96;14,58333333;8,2488071;50,0807004;12 bis 15 Euro pro Quadratmeter
Charmante 2 Zimmer Altbau Wohnung  mit Balkon im Herzen Wiesbadens - Erstbezug nach Sanierung;Mitte, Wiesbaden;756;63;12;8,2418705;50,0823281;12 bis 15 Euro pro Quadratmeter
Charmante 2 Zimmer Altbau Wohnung mit 2 Balkonen im Herzen Wiesbadens - Erstbezug nach Sanierung;Mitte, Wiesbaden;984;82;12;8,2418705;50,0823281;12 bis 15 Euro pro Quadratmeter
Charmante 3 Zimmer Altbau Wohnung mit 2 Balkonen im Herzen Wiesbadens - Erstbezug nach Sanierung;Mitte, Wiesbaden;1325;106;12,5;8,2418705;50,0823281;12 bis 15 Euro pro Quadratmeter
Charmante 2 Zimmer Altbau Wohnung mit Balkon im Herzen Wiesbadens - Erstbezug nach Sanierung;Mitte, Wiesbaden;784;64;12,25;8,2418705;50,0823281;12 bis 15 Euro pro Quadratmeter
Charmante 4 Zimmer Altbau Wohnung mit 2 Balkonen im Herzen Wiesbadens - Erstbezug nach Sanierung ;Mitte, Wiesbaden;1924;150;12,82666667;8,2418705;50,0823281;12 bis 15 Euro pro Quadratmeter
Charmante 4 Zimmer Altbau Wohnung mit 2 Balkonen im Herzen Wiesbadens - Erstbezug nach Sanierung ;Mitte, Wiesbaden;1573;121;13;8,2418705;50,0823281;12 bis 15 Euro pro Quadratmeter
Charmante 7 Zimmer Altbau Wohnung mit 2 Balkonen im Herzen Wiesbadens - Erstbezug nach Sanierung ;Mitte, Wiesbaden;2496;195;12,8;8,2418705;50,0823281;12 bis 15 Euro pro Quadratmeter
ERSTBEZUG ALTBAU NACH KOMPLETTSANIERUNG: Schicke 4-Zi.Whg. mit EBK und BALKON;Rheingauviertel, Wiesbaden;1100;100;11;8,2265882;50,0755267;10 bis 12 Euro pro Quadratmeter
Sanierte 2-Zimmer-Wohnung mit Charme!;Dotzheim, Wiesbaden;700;61;11,47540984;8,1942059;50,0730319;10 bis 12 Euro pro Quadratmeter
2,5 Zimmer Bierstadt mitten im Grünen;Bierstadt, Wiesbaden;580;69;8,405797101;8,2772655;50,0852386;8 bis 10 Euro pro Quadratmeter
Helle 1,5 Zi. DG-Wohnung , Erstbezug nach Sanierung, sehr zentral;Adlerstr., Mitte, Wiesbaden;420;45;9,333333333;8,2353304;50,0869299;8 bis 10 Euro pro Quadratmeter
Stunning view - your dream apartment in best location;Nordost, Wiesbaden;2500;130;19,23076923;8,2303053;50,0917199;15 bis 20 Euro pro Quadratmeter
"PENTHOUSE - BAU ERSTBEZUG im ""Wohnquartier am Rheingaupalais"" 060/S14-0302";Söhnleinstraße, Schierstein, Wiesbaden;1941;133;14,59398496;8,18281;50,0445058;12 bis 15 Euro pro Quadratmeter
"PENTHOUSE - BAU ERSTBEZUG im ""Wohnquartier am Rheingaupalais"" 060/S14-0301";Söhnleinstraße, Schierstein, Wiesbaden;1946;134;14,52238806;8,18281;50,0445058;12 bis 15 Euro pro Quadratmeter
"BAU ERSTBEZUG im ""Wohnquartier am Rheingaupalais"" 060/S14-0204";Söhnleinstraße, Schierstein, Wiesbaden;1125;97;11,59793814;8,18281;50,0445058;10 bis 12 Euro pro Quadratmeter
"BAU ERSTBEZUG im ""Wohnquartier am Rheingaupalais"" 060/S14-0202";Söhnleinstraße, Schierstein, Wiesbaden;663;57;11,63157895;8,18281;50,0445058;10 bis 12 Euro pro Quadratmeter
"BAU ERSTBEZUG im ""Wohnquartier am Rheingaupalais"" 060/S14-0104";Söhnleinstraße, Schierstein, Wiesbaden;1121;97;11,55670103;8,18281;50,0445058;10 bis 12 Euro pro Quadratmeter
"BAU ERSTBEZUG im ""Wohnquartier am Rheingaupalais"" 060/S14-0101";Söhnleinstraße, Schierstein, Wiesbaden;1124;97;11,58762887;8,18281;50,0445058;10 bis 12 Euro pro Quadratmeter
"PENTHOUSE - BAU ERSTBEZUG im ""Wohnquartier am Rheingaupalais"" 060/K06-0301";Kleinaustr. 6, Schierstein, Wiesbaden;1662;114;14,57894737;8,1908873;50,0436302;12 bis 15 Euro pro Quadratmeter
"BAU ERSTBEZUG im ""Wohnquartier am Rheingaupalais"" 060/K06-0002";Kleinaustr. 6, Schierstein, Wiesbaden;693;66;10,5;8,1908873;50,0436302;10 bis 12 Euro pro Quadratmeter
"BAU ERSTBEZUG im ""Wohnquartier am Rheingaupalais"" 060/K06-0001";Kleinaustr. 6, Schierstein, Wiesbaden;693;66;10,5;8,1908873;50,0436302;10 bis 12 Euro pro Quadratmeter
"BAU ERSTBEZUG im ""Wohnquartier am Rheingaupalais"" 060/K08-0203";Kleinaustr. 8, Schierstein, Wiesbaden;728;63;11,55555556;8,1908873;50,0436302;10 bis 12 Euro pro Quadratmeter
"PENTHOUSE - BAU ERSTBEZUG im ""Wohnquartier am Rheingaupalais"" 060/K04-0301";Kleinaustr. 4, Schierstein, Wiesbaden;1660;114;14,56140351;8,1908873;50,0436302;12 bis 15 Euro pro Quadratmeter
"PENTHOUSE - BAU ERSTBEZUG im ""Wohnquartier am Rheingaupalais""060/S12-0302";Söhnleinstr., Schierstein, Wiesbaden;1019;70;14,55714286;8,18281;50,0445058;12 bis 15 Euro pro Quadratmeter
"PENTHOUSE - BAU ERSTBEZUG im ""Wohnquartier am Rheingaupalais""060/S12-0301";Söhnleinstr., Schierstein, Wiesbaden;1319;90;14,65555556;8,18281;50,0445058;12 bis 15 Euro pro Quadratmeter
"BAU ERSTBEZUG im ""Wohnquartier am Rheingaupalais"" 060/S12-0102";Söhnleinstr., Schierstein, Wiesbaden;657;57;11,52631579;8,18281;50,0445058;10 bis 12 Euro pro Quadratmeter
"PENTHOUSE - BAU ERSTBEZUG im ""Wohnquartier am Rheingaupalais"" 060/K22-0201";Kleinaustr., Schierstein, Wiesbaden;1651;112;14,74107143;8,1908873;50,0436302;12 bis 15 Euro pro Quadratmeter
"BAU ERSTBEZUG im ""Wohnquartier am Rheingaupalais"" 060/K22-0001";Kleinaustr., Schierstein, Wiesbaden;990;82;12,07317073;8,1908873;50,0436302;12 bis 15 Euro pro Quadratmeter
*Schön geschnitte* 3 ZKB mit Balkon in Wiesbaden-Biebrich;Erich-Ollenhauer-Straße  34f, Biebrich, Wiesbaden;750;84;8,928571429;8,22502;50,05724;8 bis 10 Euro pro Quadratmeter
** Möbliertes Apartment in Wiesbaden Südost;Südost, Wiesbaden;715;32;22,34375;8,249484;50,0669775;mehr als 20 Euro pro Quadratmeter
Möbliertes 1,5-Zimmer Apartment mit Balkon in ruhiger Lage in Wiesbaden-City;Mitte, Wiesbaden;950;56;16,96428571;8,2418705;50,0823281;15 bis 20 Euro pro Quadratmeter
Mitten im Herzen der Wiesbadener Altstadt- helle 2 Zimmer-Wohnung;Mitte, Wiesbaden;525;55;9,545454545;8,2418705;50,0823281;8 bis 10 Euro pro Quadratmeter
Top sanierte Loftwohnung in bester Lage;Nordost, Wiesbaden;1700;132;12,87878788;8,2303053;50,0917199;12 bis 15 Euro pro Quadratmeter
Altbau,Gemütlich Wohnen in einer 3 ZKB  Balkon;Gneisenauerstrasse , Mitte, Wiesbaden;800;81;9,87654321;8,2245781;50,080601;8 bis 10 Euro pro Quadratmeter
Schöne zwei Zimmer Wohnung in Wiesbaden, Nordost;Rosselstraße 24c, Nordost, Wiesbaden;860;74;11,62162162;8,240642;50,09402;10 bis 12 Euro pro Quadratmeter
Komplettsanierung 2017! Klein aber fein. Einziehen und wohlfühlen.;Bismarckring 9, Mitte, Wiesbaden;440;28;15,71428571;8,2300748;50,0791363;15 bis 20 Euro pro Quadratmeter
Im Herzen von Wiesbaden - Naurod;Laurentiusstrasse, Naurod, Wiesbaden;570;67;8,507462687;8,3056875;50,1347758;8 bis 10 Euro pro Quadratmeter
Erstbezug nach Sanierung! Haus im Haus! *Mit riesigem Garten*;Laurentiusstrasse, Naurod, Wiesbaden;1200;120;10;8,3056875;50,1347758;10 bis 12 Euro pro Quadratmeter
Lichtdurchflutete Top-Sanierte Wohnung in Best-Lage von Wiesbaden;Südost, Wiesbaden;1315;113;11,63716814;8,249484;50,0669775;10 bis 12 Euro pro Quadratmeter
Schöne, geräumige 4 Zimmer Wohnung in Wiesbaden, Rheingauviertel, Hollerborn;Olof-Palme-Straße 2, Rheingauviertel, Wiesbaden;2300;130;17,69230769;8,21737;50,06984;15 bis 20 Euro pro Quadratmeter
3-Zimmer-Altbau-Dachgeschosswohnung in zentraler Lage von Wiesbaden;Sedanplatz, Mitte, Wiesbaden;610;70;8,714285714;8,2288688;50,0829491;8 bis 10 Euro pro Quadratmeter
Schöne, helle und zentrale drei Zimmer Wohnung in Wiesbaden, Nordost;Neubauerstraße, Nordost, Wiesbaden;1298;110;11,8;8,2443272;50,0895674;10 bis 12 Euro pro Quadratmeter
SCHICKE 2 ZKBB IN WIESBADEN!;Karl-Josef-Schlitt-Straße 1, Rheingauviertel, Wiesbaden;660;63;10,47619048;8,2196943;50,0857611;10 bis 12 Euro pro Quadratmeter
100 Meter bis zum Kurpark !!;Bodenstedtstraße 5, Nordost, Wiesbaden;690;74;9,324324324;8,25469;50,08357;8 bis 10 Euro pro Quadratmeter
Erstbezug nach Luxussanierung - Repräsentative Altbauetage in der City-Ost ;Südost, Wiesbaden;2900;185;15,67567568;8,249484;50,0669775;15 bis 20 Euro pro Quadratmeter
Helle 3 ZKB mit großer Diele in kleiner Wohneinheit;Schierstein, Wiesbaden;680;80;8,5;8,1962967;50,0445973;8 bis 10 Euro pro Quadratmeter
sonnendurchflutete Maisonettewohnung in exponierter Lage;Sonnenberg, Wiesbaden;1550;130;11,92307692;8,2580588;50,0974413;10 bis 12 Euro pro Quadratmeter
Schöne ein Zimmer Wohnung mit Traumhafter Aussicht, in Wiesbaden, Rheingauviertel, Hollerborn;Rheingauviertel, Wiesbaden;240;27;8,888888889;8,2265882;50,0755267;8 bis 10 Euro pro Quadratmeter
Wiesbaden Sonnenberg Altbau - 2,5 Zimmer-Dachwohnung zum Wohlfühlen;Sonnenberg, Wiesbaden;780;76;10,26315789;8,2580588;50,0974413;10 bis 12 Euro pro Quadratmeter
Neue Komfort-Wohnungen im Wiesbadener Dichterviertel;Fontanestraße, Südost, Wiesbaden;1151,25;105;10,96428571;8,2333099;50,0679055;10 bis 12 Euro pro Quadratmeter
Attraktive 3-ZKBB in Medenbach!;Medenbach, Wiesbaden;799;83;9,626506024;8,3386222;50,1095031;8 bis 10 Euro pro Quadratmeter
"Wohnen direkt in der City: Sonnige, sanierte Altbauwohnung; Edles Wannenbad und französischer Balkon";Helenenstraße 2, Mitte, Wiesbaden;650;66;9,848484848;8,2344143;50,0809408;8 bis 10 Euro pro Quadratmeter
OHNE WOHNGELDZUSCHUSS!Helle 3-ZW mit Balkon & Tageslichtbad (Ohne Wohngeldzuschuss);Klarenthal, Wiesbaden;768,07;86;8,931046512;8,2024231;50,0867212;8 bis 10 Euro pro Quadratmeter
OHNE WOHNGELDZUSCHUSS!Schöne 2-ZW im EG mit Balkon;Carl-von-Ossietzky-Straße, Klarenthal, Wiesbaden;574,05;65;8,831538462;8,202329;50,0836048;8 bis 10 Euro pro Quadratmeter
Schöne, geräumige 2 Zimmer Dachgeschosswohnung;Am Steinwald, Medenbach, Wiesbaden;470;65;7,230769231;8,3397787;50,1107544;6 bis 8 Euro pro Quadratmeter
Schicke 3-ZKBB-Wohnung;Zietenring 4, Mitte, Wiesbaden;880;85;10,35294118;8,2251233;50,0845476;10 bis 12 Euro pro Quadratmeter
Moderne 2-ZKB, gehobene Ausstattung;Sommerstraße 7/7a, Dotzheim, Wiesbaden;690;62;11,12903226;8,20709;50,07523;10 bis 12 Euro pro Quadratmeter
Helle 3 Zimmer Wohnung im Feldherrenviertel, Provisionsfrei;Scharnhorststraße, Mitte, Wiesbaden;1050;98;10,71428571;8,2260761;50,0803511;10 bis 12 Euro pro Quadratmeter
Wunderschöne  Altbauwohnung in der City-Ost;Nordost, Wiesbaden;1290;129;10;8,2303053;50,0917199;10 bis 12 Euro pro Quadratmeter
Repräsentative  Altbauwohnung mit großem Balkon  in der City-Ost;Nordost, Wiesbaden;1790;170;10,52941176;8,2303053;50,0917199;10 bis 12 Euro pro Quadratmeter
***Top Möbliertes 2-Zimmer UG-Wohnung in Wiesbaden City-Ost;Langenbeck Straße, Südost, Wiesbaden;990;78;12,69230769;8,2565053;50,0748043;12 bis 15 Euro pro Quadratmeter
Am Kurpark mit TG und nur wenige Gehminuten zur Innenstadt / Kurhaus;Nordost, Wiesbaden;1300;105;12,38095238;8,2303053;50,0917199;12 bis 15 Euro pro Quadratmeter
Schöne, geräumige vier Zimmer Wohnung in Wiesbaden, Mitte;Mitte, Wiesbaden;1200;140;8,571428571;8,2418705;50,0823281;8 bis 10 Euro pro Quadratmeter
Toll geschnittene 2-Zimmwohnung in Wiesbaden-Freudenberg!;Bert-Brecht-Straße, Schierstein, Wiesbaden;590;59;10;8,1941907;50,0573451;10 bis 12 Euro pro Quadratmeter
Klassische 3 Zimmer Altbau-Wohnung mit Balkon in Wiesbaden - Taunusstraße;Nordost, Wiesbaden;1380;118;11,69491525;8,2303053;50,0917199;10 bis 12 Euro pro Quadratmeter
HOCHWERTIGE MAISONETTE-WG, AM WALDRAND IN S/W-LAGE, Wiesbaden-Auringen;Auringen, Wiesbaden;1690;153;11,04575163;8,3312166;50,1178017;10 bis 12 Euro pro Quadratmeter
3 Zimmerwohnung Stadtmitte;Hauberrisserstraße, Südost, Wiesbaden;750;75;10;8,2628722;50,0660844;10 bis 12 Euro pro Quadratmeter
Wunderschöne Wohnung in der Innenstadt von Wiesbaden;Grabenstr. 5, Mitte, Wiesbaden;780;77;10,12987013;8,2403273;50,082769;10 bis 12 Euro pro Quadratmeter
EIN STÜCK HIMMEL / 5 Zimmer Dachgeschoss-Maisonette + 2 Balkone, Einbauküche + Tiefgaragenplatz;Am Haingraben, Südost, Wiesbaden;1335;135;9,888888889;8,2606734;50,075461;8 bis 10 Euro pro Quadratmeter
Charmante Altbau-Dachgeschoss-Wohnung, 2 kl. Balkone, EBK und Stellplatz sind möglich;Bierstadter Str., Bierstadt, Wiesbaden;1100;117;9,401709402;8,2640619;50,0840414;8 bis 10 Euro pro Quadratmeter
Wohnung mit Blick in die Nerotalparkanlagen;Nordost, Wiesbaden;800;56;14,28571429;8,2303053;50,0917199;12 bis 15 Euro pro Quadratmeter
Altbauetage auf der Taunusstraße für Singles und Paare;Mitte, Wiesbaden;1400;106;13,20754717;8,2418705;50,0823281;12 bis 15 Euro pro Quadratmeter
Luxury apartement in the city of Wiesbaden;Mitte, Wiesbaden;1400;106;13,20754717;8,2418705;50,0823281;12 bis 15 Euro pro Quadratmeter
GWW - In Wiesbaden zu Hause;Christian-Morgenstern-Str. 6, Schierstein, Wiesbaden;650,65;64;10,16640625;8,1972254;50,0555038;10 bis 12 Euro pro Quadratmeter
Großzügige Stadtwohnung zum kleinen Preis...wer selbst anpackt kann sparen!;Mitte, Wiesbaden;1200;135;8,888888889;8,2418705;50,0823281;8 bis 10 Euro pro Quadratmeter
Sonnige Zwei-Zimmerwohnung mit großem Balkon in Freudenberg direkt von Vermieter;Narzissenweg, Dotzheim, Wiesbaden;640;57;11,22807018;8,1860686;50,0647827;10 bis 12 Euro pro Quadratmeter
DESIGNER BAD!!!                                      Große 2 Zi Wohnung mit Flair!;Luisenstrasse 5, Kostheim, Wiesbaden;678;78;8,692307692;8,3015611;50,0013632;8 bis 10 Euro pro Quadratmeter
"BAU ERSTBEZUG im ""Wohnquartier am Rheingaupalais"" 060/K14-0001";Kleinaustr., Schierstein, Wiesbaden;1125;86;13,08139535;8,1908873;50,0436302;12 bis 15 Euro pro Quadratmeter
"BAU ERSTBEZUG im ""Wohnquartier am Rheingaupalais"" 060/K14-0101";Kleinaustr., Schierstein, Wiesbaden;1149;85;13,51764706;8,1908873;50,0436302;12 bis 15 Euro pro Quadratmeter
"BAU ERSTBEZUG im ""Wohnquartier am Rheingaupalais"" 060/K14-0102";Kleinaustr., Schierstein, Wiesbaden;1000;74;13,51351351;8,1908873;50,0436302;12 bis 15 Euro pro Quadratmeter
"BAU ERSTBEZUG im ""Wohnquartier am Rheingaupalais"" 060/K14-0103";Kleinaustr., Schierstein, Wiesbaden;1098;81;13,55555556;8,1908873;50,0436302;12 bis 15 Euro pro Quadratmeter
"BAU ERSTBEZUG im ""Wohnquartier am Rheingaupalais"" 060/K14-0201";Kleinaustr., Schierstein, Wiesbaden;1148;85;13,50588235;8,1908873;50,0436302;12 bis 15 Euro pro Quadratmeter
"BAU ERSTBEZUG im ""Wohnquartier am Rheingaupalais"" 060/K14-0202";Kleinaustr., Schierstein, Wiesbaden;1016;75;13,54666667;8,1908873;50,0436302;12 bis 15 Euro pro Quadratmeter
"BAU ERSTBEZUG im ""Wohnquartier Rheingaupalais""";Kleinaustr., Schierstein, Wiesbaden;1094;81;13,50617284;8,1908873;50,0436302;12 bis 15 Euro pro Quadratmeter
"PENTHOUSE - BAU ERSTBEZUG im ""Wohnquartier am Rheingaupalais"" 060/K14-0302";Kleinaustr., Schierstein, Wiesbaden;2130;144;14,79166667;8,1908873;50,0436302;12 bis 15 Euro pro Quadratmeter
Großzügige Dachgeschosswohnung in Denkmalbau | WG tauglich!;Matthias-Claudius Straße, Mitte, Wiesbaden;700;104;6,730769231;8,2402077;50,073071;6 bis 8 Euro pro Quadratmeter
3 Zimmer *** Purer Luxus *** TOP möbliertes Wohnen *** auf höchstem Niveau  ***;Mitte, Wiesbaden;2950;101;29,20792079;8,2418705;50,0823281;mehr als 20 Euro pro Quadratmeter
"PENTHOUSE - BAU ERSTBEZUG im ""Wohnquartier am Rheingaupalais""060/K34-0202";Kleinaustr., Schierstein, Wiesbaden;2047;139;14,72661871;8,1908873;50,0436302;12 bis 15 Euro pro Quadratmeter
"BAU ERSTBEZUG im ""Wohnquartier am Rheingaupalais"" 060/K26-0002";Kleinaustr., Schierstein, Wiesbaden;814;62;13,12903226;8,1908873;50,0436302;12 bis 15 Euro pro Quadratmeter
Wunderschöner Altbauklassiker im Wiesbadener Rheingauviertel;Rüdesheimer Straße, Rheingauviertel, Wiesbaden;1000;100;10;8,226985;50,0753708;10 bis 12 Euro pro Quadratmeter
Möblierte 2-Zimmer-Wohnung im Dichterviertel in Wiesbaden;Südost, Wiesbaden;715;45;15,88888889;8,249484;50,0669775;15 bis 20 Euro pro Quadratmeter
Möbliertes 1-Zimmer Apartment mit Badewanne und W-Lan im Herzen der Stadt Wiesbaden;Mitte, Wiesbaden;721;37;19,48648649;8,2418705;50,0823281;15 bis 20 Euro pro Quadratmeter
Luxury Penthouse with garage near Clay Casern;Erbenheim, Wiesbaden;2800;225;12,44444444;8,2963174;50,0556363;12 bis 15 Euro pro Quadratmeter
Modernisierte Altbau-Wohnung mit Terrasse mitten in der City!;Mitte, Wiesbaden;1485;160;9,28125;8,2418705;50,0823281;8 bis 10 Euro pro Quadratmeter
Tolle 1,5 Zimmerwohnung in Rambach! ;Rambach, Wiesbaden;390;45;8,666666667;8,2743096;50,1169148;8 bis 10 Euro pro Quadratmeter
3ZKB Altbau nach Komplettsanierung in WI-Innenstadt;Mitte, Wiesbaden;900;80;11,25;8,2418705;50,0823281;10 bis 12 Euro pro Quadratmeter
Helle, grosszügige drei Zimmer Wohnung in Wiesbaden, Breckenheim;Talweg 7, Breckenheim, Wiesbaden;850;98;8,673469388;8,3679023;50,0832383;8 bis 10 Euro pro Quadratmeter
Schicke 4-Zimmer-Maisonettewohnung mit Hauscharakter in grüner Wohnlage, WI-Sonnenberg;Sonnenberg, Wiesbaden;1825;130;14,03846154;8,2580588;50,0974413;12 bis 15 Euro pro Quadratmeter
Großzügige Wohnung in Wiesbaden-Biebrich!;Stettiner Straße, Biebrich, Wiesbaden;990;113;8,761061947;8,2398723;50,0382451;8 bis 10 Euro pro Quadratmeter
4-Zimmer-Penthouse im Künstlerviertel mit XXL-Dachterrasse;Gabriele-Münster-Str. 5, Rheingauviertel, Wiesbaden;1345;102;13,18627451;8,217446;50,0733395;12 bis 15 Euro pro Quadratmeter
Dream apartment on Taunusstrasse, central Wiesbaden;Taunusstrasse, Mitte, Wiesbaden;2250;145;15,51724138;8,2410513;50,0880538;15 bis 20 Euro pro Quadratmeter
!!! ERSTBEZUG NACH SANIERUNG !!! Schicke 2,5 Altbau-DG Wohnung mit 2 Balkonen und neuer EBK;Rheingauviertel, Wiesbaden;925;80;11,5625;8,2265882;50,0755267;10 bis 12 Euro pro Quadratmeter
Möblierte 2-Zimmer Wohnung mit Garten und Terrasse in Wiesbaden-City;Nordost, Wiesbaden;1785;71;25,14084507;8,2303053;50,0917199;mehr als 20 Euro pro Quadratmeter
3 ZKB ruhig zentral;Nordost, Wiesbaden;680;70;9,714285714;8,2303053;50,0917199;8 bis 10 Euro pro Quadratmeter
Möblierte 3-Zimmer Wohnung mit Flatscreen TV und Garage in Wiesbaden-City;Nordost, Wiesbaden;1430;75;19,06666667;8,2303053;50,0917199;15 bis 20 Euro pro Quadratmeter
2 Zimmer, Einbauküche, Balkon, umfangreich modernisiert;Am Hang, Dotzheim, Wiesbaden;745;62;12,01612903;8,2013636;50,0796731;12 bis 15 Euro pro Quadratmeter
Strahlender Erstbezugstraum;Dotzheim, Wiesbaden;450;38;11,84210526;8,1942059;50,0730319;10 bis 12 Euro pro Quadratmeter
3-ZIMMER-ALTBAUWOHNUNG MIT WOHNKÜCHE IN ZENTRALER INNENSTADTLAGE VON WIESBADEN;Emserstraße , Mitte, Wiesbaden;795;94;8,457446809;8,2304222;50,0841441;8 bis 10 Euro pro Quadratmeter
SEHR GROSSZÜGIGE 2-ZIMMER-WOHNUNG MIT GROSSER WOHNKÜCHE IN ZENTRALER INNENSTADTLAGE!;Moritzstraße, Mitte, Wiesbaden;795;95;8,368421053;8,2387289;50,074341;8 bis 10 Euro pro Quadratmeter
Schöne vier Zimmer Wohnung in Wiesbaden, Biebrich;Jägerstr., Biebrich, Wiesbaden;1000;102;9,803921569;8,22644;50,0649393;8 bis 10 Euro pro Quadratmeter
Komplett renovierte Altbauwohnung nähe Kurpark;Bierstadt, Wiesbaden;1200;107;11,21495327;8,2772655;50,0852386;10 bis 12 Euro pro Quadratmeter
Großzügige Wohnung mit Taunusblick;Südost, Wiesbaden;1240;116;10,68965517;8,249484;50,0669775;10 bis 12 Euro pro Quadratmeter
Apartment oder Büro in der Nerostraße - top Ausstattung!!;Mitte, Wiesbaden;620;35;17,71428571;8,2418705;50,0823281;15 bis 20 Euro pro Quadratmeter
Elegantes Wohnen an der Platter Straße;Nordost, Wiesbaden;1650;127;12,99212598;8,2303053;50,0917199;12 bis 15 Euro pro Quadratmeter
Schöne drei Zimmer Wohnung in Wiesbaden, Kostheim;im zwetschenfeld 7-9, Kostheim, Wiesbaden;620;64;9,6875;8,3033244;50,0063761;8 bis 10 Euro pro Quadratmeter
INDIVIDUALISTEN gesucht für offen gestaltete 2-3 Zimmerwohnung (ca. 80 m²) mit WINTERGARTEN;Jakobsgasse 1, Rambach, Wiesbaden;750;80;9,375;8,2755438;50,1168807;8 bis 10 Euro pro Quadratmeter
2-ZW Wiesbaden-Nähe Hauptbahnhof/Innenstadt;Schlichterstr., Mitte, Wiesbaden;550;60;9,166666667;8,2406097;50,0737798;8 bis 10 Euro pro Quadratmeter
Hochwertige helle 3 Zimmer Wohnung mit 2 Balkonen in TOP-Lage WI, nähe Nerotal;Nordost, Wiesbaden;1300;90;14,44444444;8,2303053;50,0917199;12 bis 15 Euro pro Quadratmeter
2 Zimmer, Kaiser-Wilhelm-Str.;Kaiser-Wilhelm-Str., Sonnenberg, Wiesbaden;550;50;11;8,2599237;50,0988404;10 bis 12 Euro pro Quadratmeter
Schöne helle 3 ZKB in Wiesbaden, Zentrum, WG-geeignet, frei ab 01.07.2017;Michelsberg 9, Mitte, Wiesbaden;790;90;8,777777778;8,2381006;50,0829718;8 bis 10 Euro pro Quadratmeter
Schöne 4 Zimmer Wohnung in guter Lage;Waldstraße 4, Biebrich, Wiesbaden;1500;110;13,63636364;8,2344168;50,0601558;12 bis 15 Euro pro Quadratmeter
Schöne Altbauwohnung in stilvollem Jugendstil-Haus;Lahnstraße 9, Nordost, Wiesbaden;790;90;8,777777778;8,2236093;50,0856907;8 bis 10 Euro pro Quadratmeter
Helle und moderne Maisonette Wohnung in Wiesbaden;Nordost, Wiesbaden;1060;56;18,92857143;8,2303053;50,0917199;15 bis 20 Euro pro Quadratmeter
1.180 €, 105 m², 3 Zimmer;Sonnenberg, Wiesbaden;1180;105;11,23809524;8,2580588;50,0974413;10 bis 12 Euro pro Quadratmeter
Penthouse mit Dachterrasse;Dotzheim, Wiesbaden;860;71;12,11267606;8,1942059;50,0730319;12 bis 15 Euro pro Quadratmeter
Schöne, große, helle 5-Zimmerwohnung in Wiesbaden Naurod, mit Terrasse;Sonnenhöhe, Naurod, Wiesbaden;1150;130;8,846153846;8,3022436;50,1377289;8 bis 10 Euro pro Quadratmeter
101 qm mit 60 qm Terrrasse , offen, exclusiv direkt am Henkelpark in Wiesbaden;Biebrich, Wiesbaden;1585;101;15,69306931;8,2390966;50,0517113;15 bis 20 Euro pro Quadratmeter
+++ AUF DEM MARKT+++ Gemütliche 3-Zi-Wohnung in Dotzheim;Annastraße 3, Klarenthal, Wiesbaden;890;89;10;8,2046;50,07629;10 bis 12 Euro pro Quadratmeter
3-ZKB- ganz in weiß - Nähe Walkmühltal;Mitte, Wiesbaden;795;78;10,19230769;8,2418705;50,0823281;10 bis 12 Euro pro Quadratmeter
SEITLICH DER BIEBRICHER ALLEE! GEMÜTLICHE 3-ZIMMER-DACHGESCHOSSWOHNUNG! EIN FALL FÜR ZWEI!;Biebrich, Wiesbaden;650;68;9,558823529;8,2390966;50,0517113;8 bis 10 Euro pro Quadratmeter
Tolle 1 Zimmerwohnung in zentraler Lage!;Rheingauviertel, Wiesbaden;399;45;8,866666667;8,2265882;50,0755267;8 bis 10 Euro pro Quadratmeter
Wiesbaden, Mosbacher Strasse, 3 Zimmerwohnung, 1OG, 2 Balkone+TG-Stellplatz;Mosbacherstrasse 1, Südost, Wiesbaden;1085;107;10,14018692;8,23689;50,06963;10 bis 12 Euro pro Quadratmeter
Ruhig gelegene 3 Zimmer Wohnung.;Geisbergweg 17a, Nordenstadt, Wiesbaden;950;115;8,260869565;8,3463914;50,0617966;8 bis 10 Euro pro Quadratmeter
Ruhige Wohnung mitten in der Stadt;Mitte, Wiesbaden;890;73;12,19178082;8,2418705;50,0823281;12 bis 15 Euro pro Quadratmeter
Luxuriöse, barrierefreie 3ZKBB Penthouse Wohnung mit sonniger Dachterrasse;Mitte, Wiesbaden;1270;100;12,7;8,2418705;50,0823281;12 bis 15 Euro pro Quadratmeter
WG geeignet - zentral - Küche - Garten - Wannenbad - Dachterrasse;Südost, Wiesbaden;1500;185;8,108108108;8,249484;50,0669775;8 bis 10 Euro pro Quadratmeter
Hübsch Renovierte 3 Zimmer Souterrain Wohnung in zentraler Lage;Dreiweidenstraße 3, Mitte, Wiesbaden;790;108;7,314814815;8,2287369;50,078697;6 bis 8 Euro pro Quadratmeter
Komponistenviertel, lichtdurchflutete 2 ZKBB;Nordost, Wiesbaden;695;61;11,39344262;8,2303053;50,0917199;10 bis 12 Euro pro Quadratmeter
WI-ERBENHEIM: DG-Wohnung, 2 ZKB 71qm, TGL-Bad,   - Top Kernsaniert - !!!;Erbenheim, Wiesbaden;690;71;9,718309859;8,2963174;50,0556363;8 bis 10 Euro pro Quadratmeter
"WI-Innenstadt:Großzügige, sanierte, ruhige 2-Zimmer-Parterre-Wohnung; modernes Bad; Stellplatz mögl.";Rheingauviertel, Wiesbaden;760;105;7,238095238;8,2265882;50,0755267;6 bis 8 Euro pro Quadratmeter
Stilvolle Altbauetage mit Denkmalschutz im 4 - Parteienhaus.;Straße der Republik, Biebrich, Wiesbaden;1550;170;9,117647059;8,2411596;50,0444586;8 bis 10 Euro pro Quadratmeter
*** Tolle Neubau-Wohnung in ruhiger Lage! Klasse Schnitt, Laminat, Alles in Weiß! Süd-Seite! ***;Hasengartenstr. 9, Südost, Wiesbaden;589;54;10,90740741;8,2554453;50,0659305;10 bis 12 Euro pro Quadratmeter
+++ Wohnchick mit Blick +++;Nordost, Wiesbaden;650;64;10,15625;8,2303053;50,0917199;10 bis 12 Euro pro Quadratmeter
Komponistenviertel Etagenwohnung in 2 Familienhaus;Richard-Wagner-Straße, Nordost, Wiesbaden;1265;110;11,5;8,25478;50,0912844;10 bis 12 Euro pro Quadratmeter
Erstbezug nach Totalsanierung, seitlich Biebricher Allee;Südost, Wiesbaden;1595;154;10,35714286;8,249484;50,0669775;10 bis 12 Euro pro Quadratmeter
Modernisiertes Single-Apartment im Zentrum von Mainz-Kastel WE 01;Kastel, Wiesbaden;360;23;15,65217391;8,2806368;50,0192814;15 bis 20 Euro pro Quadratmeter
4,5 Zimmer Wohnung in Wiesbaden Nordenstadt;Stolbergerstrasse, Nordenstadt, Wiesbaden;1350;153;8,823529412;8,3426968;50,0602787;8 bis 10 Euro pro Quadratmeter
4 ZKB, 2 Bäder, EBK, TG, Aufzug, Balkon, ruhig, hell, Wiesbaden Beethovenstr.;Südost, Wiesbaden;1650;126;13,0952381;8,249484;50,0669775;12 bis 15 Euro pro Quadratmeter
+++ Totalsaniertes Altbaujuwel im EG eines sanierten Jugendstilhauses! +++;Mitte, Wiesbaden;750;70;10,71428571;8,2418705;50,0823281;10 bis 12 Euro pro Quadratmeter
2 ZKBB sehr grün und ruhig Nähe Biebricher Allee;Biebrich, Wiesbaden;570;54;10,55555556;8,2390966;50,0517113;10 bis 12 Euro pro Quadratmeter
IM HAUSGARTEN GRILLEN Ideal für „ZWEI“ ! SONNIG-großzügig- GEPFLEGT! Ins Städtchen zu Fuß!;Geisbergstraße 0, Nordost, Wiesbaden;980;112;8,75;8,2426177;50,0874868;8 bis 10 Euro pro Quadratmeter
GWW - In Wiesbaden zu Hause;Christian-Morgenstern-Str., Schierstein, Wiesbaden;1181,6;118;10,01355932;8,1974312;50,0558878;10 bis 12 Euro pro Quadratmeter
*** auf der großen Dachterrasse (Südseite) den Sommer genießen ...***;Rheinstr., Mitte, Wiesbaden;1800;147;12,24489796;8,239349;50,0778201;12 bis 15 Euro pro Quadratmeter
Liebhaberwohnung, vier Zimmer-Wohnung in Wiesbaden, Nordost, Stadt- und Naturnah;Nordost, Wiesbaden;920;80;11,5;8,2303053;50,0917199;10 bis 12 Euro pro Quadratmeter
*Paul & Partner* ALTBAU MEETS LUXUS - DESIGN IN CITYLAGE MIT EBK UND BALKON !;Südost, Wiesbaden;1598;125;12,784;8,249484;50,0669775;12 bis 15 Euro pro Quadratmeter
Schöne drei Zimmer Wohnung in Bestlage von Wiesbaden;Kapellenstraße 25A, Nordost, Wiesbaden;1100;76;14,47368421;8,2414;50,08998;12 bis 15 Euro pro Quadratmeter
Eine große Dachterrasse mit einem atemberaubenden Blick erwartet Sie!;Medenbacherstr. 6, Igstadt, Wiesbaden;1403;122;11,5;8,3306651;50,0833183;10 bis 12 Euro pro Quadratmeter
Puristische, erstklassig sanierte 3,5-Zimmer-Altbauetage mit Sonnenbalkon;Rheingauviertel, Wiesbaden;1500;130;11,53846154;8,2265882;50,0755267;10 bis 12 Euro pro Quadratmeter
3 ZKB in Campus Nähe! WG geeignet!;Dotzheimerstraße 105, Rheingauviertel, Wiesbaden;760;84;9,047619048;8,2189671;50,0774478;8 bis 10 Euro pro Quadratmeter
Helle Neubau 2 ZKBT mit kleinem Garten Nähe Kurpark;Fichtestraße, Bierstadt, Wiesbaden;899;93;9,666666667;8,2600427;50,0848492;8 bis 10 Euro pro Quadratmeter
Beautiful maisonette apartment surrounded by nature;Nordost, Wiesbaden;1600;140;11,42857143;8,2303053;50,0917199;10 bis 12 Euro pro Quadratmeter
